Architecture,C_Index
"[32, 32]",0.682395231559797
"[64, 64]",0.6811025821071782
"[128, 64]",0.6816528481253514
"[128, 128]",0.6814423168992126
